path	sha256	evidence_needed
app/src/main/ic_launcher-playstore.png	9c70dd38d6633e423a62ed3d076fb0663eb7e84c5f0eb54ec776355911a86f67	Owner authorship confirmation or original source/licence
app/src/main/res/drawable/ic_delete.xml	c948d12319c8f7cfd8310834e6647ca872927fd4abe2d575b10ee050555ee0cb	Owner authorship confirmation or original source/licence
app/src/main/res/drawable/ic_easy_button.xml	a36c3476bf5992edc0d8bf7b3951cc85d9b425e2f958d073a50397d3ab367fc8	Owner authorship confirmation or original source/licence
app/src/main/res/drawable/ic_exit_button.xml	6ac1a9b5d0e06c73ae367560b81ac789ddc782514eb366827e2d8f4eccf0862a	Owner authorship confirmation or original source/licence
app/src/main/res/drawable/ic_hard_button.xml	e2eae7f7820fe084e2b9d876c278e5667d328e2db41fa8af83db328cb870be37	Owner authorship confirmation or original source/licence
app/src/main/res/drawable/ic_hint.xml	ff010606816b0a28c448cb179be8557b66c92a33597f69afd759fd0d576dab76	Owner authorship confirmation or original source/licence
app/src/main/res/drawable/ic_icon_circle.xml	c21b1a7beef4dd1e78d8c089b3952b8ee2a2fae27c1eafddb045fda72d8ce479	Owner authorship confirmation or original source/licence
app/src/main/res/drawable/ic_icon_square.xml	da0a6fa01bc2d576b9bf22d1e9ffb5757f07a16cad88ef74e38859ea6bfe0611	Owner authorship confirmation or original source/licence
app/src/main/res/drawable/ic_key1_tap.xml	a034370b7841e0d65f57f13c7cc7fc760a35fe84cbdecb32df56eb43f8d367c8	Owner authorship confirmation or original source/licence
app/src/main/res/drawable/ic_key1_to_big1.xml	e46cd7edcaadc305bc31052d63808af0f49c76f4d0c4b1eb058b4bdf566700cb	Owner authorship confirmation or original source/licence
app/src/main/res/drawable/ic_key1_to_smol1.xml	987c7132fb0990af950ddab17ebdabaf453c334af1f7bc8ae774597da0b4b467	Owner authorship confirmation or original source/licence
app/src/main/res/drawable/ic_key2_tap.xml	cb4d0fc37dcb977ec16fb576e4c088f99c89f6df4c8260e86c18dca22c102761	Owner authorship confirmation or original source/licence
app/src/main/res/drawable/ic_key2_to_big2.xml	ce3274ebc7e2907cf09bbc2c75ed3ef4df649a671c19e7806d2b14bd93f44eb4	Owner authorship confirmation or original source/licence
app/src/main/res/drawable/ic_key2_to_smol2.xml	20af0e76a53c4497c327ca04e934c3709b1cd3d2f204e25959c8ea5d86d7e8af	Owner authorship confirmation or original source/licence
app/src/main/res/drawable/ic_key3_tap.xml	396aed6ab61523471f9709734458742b1600ebe5feac15e864e27b13b4c48a79	Owner authorship confirmation or original source/licence
app/src/main/res/drawable/ic_key3_to_big3.xml	9994cd185f808c9356a57b90854ec0dc66403c39ed4b0037f5c1da5c0227b99a	Owner authorship confirmation or original source/licence
app/src/main/res/drawable/ic_key3_to_smol3.xml	14ad33dbb30eaf91aa18478fa7eb6350f4f7f7908669780dfc769cb872b37404	Owner authorship confirmation or original source/licence
app/src/main/res/drawable/ic_key4_tap.xml	8888fa42a894d7975269e9cc037144cb003aee1bd54225adbcc86ff003bb1fe0	Owner authorship confirmation or original source/licence
app/src/main/res/drawable/ic_key4_to_big4.xml	4f393b4847a9a5033ddc2e4cdc1ebd697bdbdab1ee974e9c65f4d5c8fa27730f	Owner authorship confirmation or original source/licence
app/src/main/res/drawable/ic_key4_to_smol4.xml	f18491958ab05d4f9c9a4a501d47496178a5e19ddaed1cf3cec528b2e61b3c07	Owner authorship confirmation or original source/licence
app/src/main/res/drawable/ic_key5_tap.xml	e233e07e5329d2e57e480bc4a7af76a013081ffe10df9c880cadcc001930092e	Owner authorship confirmation or original source/licence
app/src/main/res/drawable/ic_key5_to_big5.xml	9ee58ee59715126545c24eac84b1913ad95a2d312048c2f55f5b53ee3db5fec1	Owner authorship confirmation or original source/licence
app/src/main/res/drawable/ic_key5_to_smol5.xml	2cd5cc91d6ad5a4fb3e2689cc38edc0ea9a0826204d6638fc61f81392c5a5b51	Owner authorship confirmation or original source/licence
app/src/main/res/drawable/ic_key6_tap.xml	fe2b25607f96e36ae4842cf236b0dc2489d1e2d41ebe7537e889216ea205ede3	Owner authorship confirmation or original source/licence
app/src/main/res/drawable/ic_key6_to_big6.xml	a0b10c77d011f49a32176eb1e60e3552456465c17e78a617cc6ea29666a9195d	Owner authorship confirmation or original source/licence
app/src/main/res/drawable/ic_key6_to_smol6.xml	d9f0f646a0ac735c64daed6420bc6220fe5a504940ce39a3821e9b12d6d99867	Owner authorship confirmation or original source/licence
app/src/main/res/drawable/ic_key7_tap.xml	38ab3311b13d7ce7aa64dc035f159d80e84a6cca59c204fc7d3ba4094ea7e8a5	Owner authorship confirmation or original source/licence
app/src/main/res/drawable/ic_key7_to_big7.xml	f0001bbe100fd91be1baf87b7036eeba601fb6fb963774b81ba3c5320d4c8a76	Owner authorship confirmation or original source/licence
app/src/main/res/drawable/ic_key7_to_smol7.xml	f4189e79a20a1b2613dbf4f627cdf016b87385df22fc1186bc0390abe1d73316	Owner authorship confirmation or original source/licence
app/src/main/res/drawable/ic_key8_tap.xml	f101a4b0bc220c7d81ba29b936b7fae7a1936daab9a1bf824817c63e6fa59bd8	Owner authorship confirmation or original source/licence
app/src/main/res/drawable/ic_key8_to_big8.xml	2722279b4ba68b3970be4fe8ac0e255a3cfe4bf0b8746663248b58c1cd73dc13	Owner authorship confirmation or original source/licence
app/src/main/res/drawable/ic_key8_to_smol8.xml	c7e2ff1155cb46a032919b81a03a9c8f599c4f2afd8e408dff5678d6982257d0	Owner authorship confirmation or original source/licence
app/src/main/res/drawable/ic_key9_tap.xml	8abd8a6e16355e2e363ecb86731200e4a34fdebadfb27e34ed2a1af3e8862cbb	Owner authorship confirmation or original source/licence
app/src/main/res/drawable/ic_key9_to_big9.xml	8eb5b474af41f914d4e278b3a179c87a4eec332a1fffe58b143ac6d4861536fa	Owner authorship confirmation or original source/licence
app/src/main/res/drawable/ic_key9_to_smol9.xml	f063ee5dec805a48493940880dcca9e36fa8cdef73d005026d063869879d4fa9	Owner authorship confirmation or original source/licence
app/src/main/res/drawable/ic_key_transp.xml	e5afb131709ebc84f01639291a83a38b4cf8f2781d4ab54aeccceb32a92f93f2	Owner authorship confirmation or original source/licence
app/src/main/res/drawable/ic_launcher_background.xml	720fa3ffbfe2c5b4a340d5dcd7efde0d2069a51f18404835246c54e63ef761d4	Owner authorship confirmation or original source/licence
app/src/main/res/drawable/ic_launcher_foreground.xml	0a692605b1cb26ef120e99ded5dd5249367f4ff88170f990028063b624e148fc	Owner authorship confirmation or original source/licence
app/src/main/res/drawable/ic_logo_banner.xml	7424910d8736f0aa9395288dcd4bb2014e57ec528d4fe7c6817edb6824cc25f6	Owner authorship confirmation or original source/licence
app/src/main/res/drawable/ic_lvl_complete_popup.xml	53ab6f88c19b77c599419c239481485f70d0034e990ca4571f4f53a563ef1557	Owner authorship confirmation or original source/licence
app/src/main/res/drawable/ic_medium_button.xml	6efc4a4381cfb868c1ab36602b9dc6a73c4b989782329a7ff507c50c2c962288	Owner authorship confirmation or original source/licence
app/src/main/res/drawable/ic_menu_cloud.xml	47deef54ebed73116ce7f171d7f7fa93a3818ed5d8d2980d998da5911ed4200b	Owner authorship confirmation or original source/licence
app/src/main/res/drawable/ic_next_level_button.xml	69c731b2c39750f85e217ee85233623aea2db76f81ec03db69d6d42dad97932d	Owner authorship confirmation or original source/licence
app/src/main/res/drawable/ic_notes_off.xml	c53f0acdb79b64985c59a323428369b44200edcf003a5e430d9ce90c9eeb7045	Owner authorship confirmation or original source/licence
app/src/main/res/drawable/ic_notes_on.xml	86ba2c42db3df89eaea5c712fb3b2d712ef68aa3b9c162ddd97c40664066dac2	Owner authorship confirmation or original source/licence
app/src/main/res/drawable/ic_options_button.xml	d9bfb64bf4c5f0960e40f0cf0a91b5fe52abb73d1513c2fd0eb5e1b7b8d04c7f	Owner authorship confirmation or original source/licence
app/src/main/res/drawable/ic_options_button_pause_menu.xml	f4fd90be7b833fddcccd48b420e750404889725c47f4b36657e471873e219d5e	Owner authorship confirmation or original source/licence
app/src/main/res/drawable/ic_optnsbttn.xml	3d4cbd88d2061af503606ea790b34bb0344462859efb26668deb731cc6d1becc	Owner authorship confirmation or original source/licence
app/src/main/res/drawable/ic_pause_button.xml	473313c94b6b4a19027bfff7164f553b0eb5303a137e1aca3ff72301a2276d73	Owner authorship confirmation or original source/licence
app/src/main/res/drawable/ic_resume_button.xml	6432bf5bf7b593b072927abe1b07a0ff67bc9a5aaebe5a51be647b4610cd16e0	Owner authorship confirmation or original source/licence
app/src/main/res/drawable/ic_resume_button_pause_menu.xml	87ba832d6fc4ccdee1b5d3a051202fe9aca7e8aee4584027de8d841e9e43af1e	Owner authorship confirmation or original source/licence
app/src/main/res/drawable/ic_resumebutton1.xml	b2f3b6d3031ff2f6ee318cae3a1f04d085a79175c84afa00cef6063637539c56	Owner authorship confirmation or original source/licence
app/src/main/res/drawable/ic_settings_background_fade.xml	9028387e1952c166e8f83cfb411256c2df706a1a806e7fd06fbe2b740f3b9fe4	Owner authorship confirmation or original source/licence
app/src/main/res/drawable/ic_splash.xml	42031f973499e3e449e47161d689e7cdd9cfd18fe1e9643307507c72491fb454	Owner authorship confirmation or original source/licence
app/src/main/res/drawable/ic_start_button.xml	75b19608d33aba7c4b77bcb8700bdae613718d6feb57ec94ce616a5d04d86927	Owner authorship confirmation or original source/licence
app/src/main/res/drawable/ic_transparent_bg.xml	47055e19ac4e733825e2ae8fdd80a76f5c03a340ff48deaf015bd62a9fee1e34	Owner authorship confirmation or original source/licence
app/src/main/res/drawable/ic_waterclour_background2.xml	351563c1a6eab17d6b09ad0b121c43167ee2777c08c31323609e39b016252892	Owner authorship confirmation or original source/licence
app/src/main/res/drawable/left_arrow.xml	e2502c08698bfec50e3406a26efd99517cbddada3dfcca4f01a6391f684aac5c	Owner authorship confirmation or original source/licence
app/src/main/res/drawable/messages.xml	b908d04f464bfa58a040edce19a0c74c1f1a476de336727eb36e510133a48ead	Owner authorship confirmation or original source/licence
app/src/main/res/drawable/music_note.xml	06deea16c73a67384d7764e6b194c9c8a1352b9d9af199fed795287bb5909924	Owner authorship confirmation or original source/licence
app/src/main/res/drawable/speaker.xml	3492de66e9eda7881bc987ec198bd92e6d459f75585502954e0f52d44234bdeb	Owner authorship confirmation or original source/licence
app/src/main/res/drawable/sync.xml	16534c049a3940f76a4d4ed71e4cdac33e5c45e608343d85b6fb6470d9384f98	Owner authorship confirmation or original source/licence
app/src/main/res/mipmap-anydpi-v26/ic_launcher.xml	daf8d08484dc1c1d1f268c4e5a69f9a9597c6941dc199890008cffd29aae8c88	Owner authorship confirmation or original source/licence
app/src/main/res/mipmap-anydpi-v26/ic_launcher_round.xml	daf8d08484dc1c1d1f268c4e5a69f9a9597c6941dc199890008cffd29aae8c88	Owner authorship confirmation or original source/licence
app/src/main/res/mipmap-hdpi/ic_launcher.png	b8c9d9932db4c029b700b239cf292ccf460b8b1b590df894bc50e675dc7b8a48	Owner authorship confirmation or original source/licence
app/src/main/res/mipmap-hdpi/ic_launcher_round.png	d8dab02d9e2fde2d0a063b472b3540ecd7ffa0cc3d8291226b371bf43bfd7d4d	Owner authorship confirmation or original source/licence
app/src/main/res/mipmap-mdpi/ic_launcher.png	f0e641cc13935db4c369e39208c68fba7038555f5232c9b3881fa986c9c40b4d	Owner authorship confirmation or original source/licence
app/src/main/res/mipmap-mdpi/ic_launcher_round.png	ac370573424d63fd7793a8a8bd9232629da2e0d54fe0c1cc222765c612930216	Owner authorship confirmation or original source/licence
app/src/main/res/mipmap-xhdpi/ic_launcher.png	61b78cf9c5e7ce02af65e1f7f8f107027d2c3d19c8e174d26972b556eee23976	Owner authorship confirmation or original source/licence
app/src/main/res/mipmap-xhdpi/ic_launcher_round.png	bd841968d630cab3abd693c1cfa2f464bcafecf0762b8b65c9bf0b5ab0105fc9	Owner authorship confirmation or original source/licence
app/src/main/res/mipmap-xxhdpi/ic_launcher.png	09d399714406f33922672d18db251129261c40bf80af92e8f025c65d7cbc49cb	Owner authorship confirmation or original source/licence
app/src/main/res/mipmap-xxhdpi/ic_launcher_round.png	eaac1eb219892f106158518f203eaba4c38dffac3a6df5751c6aae88eee0fc59	Owner authorship confirmation or original source/licence
app/src/main/res/mipmap-xxxhdpi/ic_launcher.png	b992adbe55bfc1771aca6e4749a5f5399cd5690966d5b9cbe64b10b93b7de47d	Owner authorship confirmation or original source/licence
app/src/main/res/mipmap-xxxhdpi/ic_launcher_round.png	a84e0117b9f1b45e53bef388b5a0467cd76620431fd15315902fff2617b25b5e	Owner authorship confirmation or original source/licence
