# PuzzleEngineVersion generator=1,logicalSolver=1,grader=1,targeting=1
EASY,670000010000000750902407600340008000000340207700000000000030846096000000080201075
EASY,040010002700305000080000604406150000000000100005070300200500080070800090000002700
EASY,000300840009048001600000005000000000070001900058070400800003007000000002100209060
EASY,500900010000000450630000007096007003000201090014860200007050000950006000020008000
EASY,000070010300042085102060007050680070001204006004750800060000004000900000008000520
EASY,000000003472000800000070069005080002609007010000900470006200000500601300000000000
EASY,000073200007920005500100000090801760000000000002000540201007000070009803839200000
EASY,015007003060000001000090000020409050000700620390650047000000080000000005140900002
EASY,003200800009005640200004070000417090020090007000500003000152006067040000000008900
EASY,042080007607200000500400010000000000000002009169000802050009100000345000408006000
MEDIUM,000040038000020100009100040010000800400050006060080092100009000000800504053000000
MEDIUM,069000000008032000000008000004500300000003190000001000905000402030060007100005000
MEDIUM,040027009000050800000006005400008093090070506052000040007801400000000000100000070
MEDIUM,100008050005903000020000080306004800078032006050006140800000000000000062037600000
MEDIUM,069000010003000000100009000307005801400100007005200004700060000200090030000001572
MEDIUM,800910025072000049000000008090006000000300000000000087600000000307004000248097000
MEDIUM,000001090850070000030500201700050000003000508600200040000000400000090000906000020
MEDIUM,500600200000400600080090001000000700204000000030501000005002049300008000000000068
MEDIUM,070200040600040910000000003053000000000000058029000304900080072304001000000060000
MEDIUM,010000000027104060000000005080063250040502800030890000000000030801050002300207000
HARD,500004610000010089003500000000090107070600000100800000050007400008000050020006000
HARD,000000890000700000931006200100020500760000000209000360000009450000200030006804010
HARD,800040030030629007069000500000001800000000003004068000000000005016070090003902076
HARD,007500008090000070000037092045000600000090100070001000000010003500080000300960080
HARD,300002600070009300500306080060020731002080060000000029010200040004090000030070000
HARD,900000001020340500401500007000430200500062098000008000300820040200600010090000700
HARD,000370400800900200006000000000000008000000149001004500060800002300005000509730081
HARD,000000000040390607000207009005000032273050008000000100900000015000810000800005203
HARD,020638500600000002000000000030400000800009620700010400080000009467000081009002000
HARD,000004006900200000000087301805009000000400802260050000000000400450000080000001903
